episode_number,episode_slug,episode_title,published_on,zip_file,source_url,project,project_url,license,license_short,license_url,policy_url,credits_source_url,changes_made,credit_roles,language_notes,raw_credit_block,generated_at,attribution_text
1,ep01_Potion-of-Flight,The Potion of Flight,2014-05-10,peppercarrot_zips/ep01_Potion-of-Flight_art-pack.zip,https://www.peppercarrot.com/0_sources/ep01_Potion-of-Flight/zip/ep01_Potion-of-Flight_art-pack.zip,Pepper&Carrot,https://www.peppercarrot.com/,Creative Commons Attribution 4.0 International,CC BY 4.0,https://creativecommons.org/licenses/by/4.0/,https://www.peppercarrot.com/en/philosophy/index.html,https://www.peppercarrot.com/en/about/index.html,Downloaded original Pepper&Carrot art-pack zip archives and organized them as a dataset. No original authorship is claimed. No endorsement is implied.,"{""Art"": {""raw"": ""David Revoy"", ""people"": [""David Revoy""]}, ""Scenario"": {""raw"": ""David Revoy"", ""people"": [""David Revoy""]}, ""Proofreading"": {""raw"": ""Amireeti, Alex Gryson"", ""people"": [""Amireeti"", ""Alex Gryson""]}}","[""English (original version)""]","Art: David Revoy. Scenario: David Revoy Proofreading: Amireeti, Alex Gryson",2026-06-26,"Pepper&Carrot, Episode 01: The Potion of Flight | Source: https://www.peppercarrot.com/0_sources/ep01_Potion-of-Flight/zip/ep01_Potion-of-Flight_art-pack.zip | License: Creative Commons Attribution 4.0 International (https://creativecommons.org/licenses/by/4.0/) | Art: David Revoy | Scenario: David Revoy | Proofreading: Amireeti, Alex Gryson | Note: English (original version) | Changes: Downloaded original Pepper&Carrot art-pack zip archives and organized them as a dataset. No original authorship is claimed. No endorsement is implied. | No endorsement by the original authors or contributors is implied."
2,ep02_Rainbow-potions,Rainbow Potions,2014-07-25,peppercarrot_zips/ep02_Rainbow-potions_art-pack.zip,https://www.peppercarrot.com/0_sources/ep02_Rainbow-potions/zip/ep02_Rainbow-potions_art-pack.zip,Pepper&Carrot,https://www.peppercarrot.com/,Creative Commons Attribution 4.0 International,CC BY 4.0,https://creativecommons.org/licenses/by/4.0/,https://www.peppercarrot.com/en/philosophy/index.html,https://www.peppercarrot.com/en/about/index.html,Downloaded original Pepper&Carrot art-pack zip archives and organized them as a dataset. No original authorship is claimed. No endorsement is implied.,"{""Art"": {""raw"": ""David Revoy"", ""people"": [""David Revoy""]}, ""Scenario"": {""raw"": ""David Revoy"", ""people"": [""David Revoy""]}, ""Proofreading"": {""raw"": ""Amireeti, Alex Gryson"", ""people"": [""Amireeti"", ""Alex Gryson""]}}","[""English (original version)""]","Art: David Revoy. Scenario: David Revoy Proofreading: Amireeti, Alex Gryson",2026-06-26,"Pepper&Carrot, Episode 02: Rainbow Potions | Source: https://www.peppercarrot.com/0_sources/ep02_Rainbow-potions/zip/ep02_Rainbow-potions_art-pack.zip | License: Creative Commons Attribution 4.0 International (https://creativecommons.org/licenses/by/4.0/) | Art: David Revoy | Scenario: David Revoy | Proofreading: Amireeti, Alex Gryson | Note: English (original version) | Changes: Downloaded original Pepper&Carrot art-pack zip archives and organized them as a dataset. No original authorship is claimed. No endorsement is implied. | No endorsement by the original authors or contributors is implied."
3,ep03_The-secret-ingredients,The Secret Ingredients,2014-10-03,peppercarrot_zips/ep03_The-secret-ingredients_art-pack.zip,https://www.peppercarrot.com/0_sources/ep03_The-secret-ingredients/zip/ep03_The-secret-ingredients_art-pack.zip,Pepper&Carrot,https://www.peppercarrot.com/,Creative Commons Attribution 4.0 International,CC BY 4.0,https://creativecommons.org/licenses/by/4.0/,https://www.peppercarrot.com/en/philosophy/index.html,https://www.peppercarrot.com/en/about/index.html,Downloaded original Pepper&Carrot art-pack zip archives and organized them as a dataset. No original authorship is claimed. No endorsement is implied.,"{""Art"": {""raw"": ""David Revoy"", ""people"": [""David Revoy""]}, ""Scenario"": {""raw"": ""David Revoy"", ""people"": [""David Revoy""]}, ""Proofreading"": {""raw"": ""Amireeti, Alex Gryson"", ""people"": [""Amireeti"", ""Alex Gryson""]}}","[""English (original version)""]","Art: David Revoy. Scenario: David Revoy Proofreading: Amireeti, Alex Gryson",2026-06-26,"Pepper&Carrot, Episode 03: The Secret Ingredients | Source: https://www.peppercarrot.com/0_sources/ep03_The-secret-ingredients/zip/ep03_The-secret-ingredients_art-pack.zip | License: Creative Commons Attribution 4.0 International (https://creativecommons.org/licenses/by/4.0/) | Art: David Revoy | Scenario: David Revoy | Proofreading: Amireeti, Alex Gryson | Note: English (original version) | Changes: Downloaded original Pepper&Carrot art-pack zip archives and organized them as a dataset. No original authorship is claimed. No endorsement is implied. | No endorsement by the original authors or contributors is implied."
4,ep04_Stroke-of-genius,Stroke of Genius,2014-11-21,peppercarrot_zips/ep04_Stroke-of-genius_art-pack.zip,https://www.peppercarrot.com/0_sources/ep04_Stroke-of-genius/zip/ep04_Stroke-of-genius_art-pack.zip,Pepper&Carrot,https://www.peppercarrot.com/,Creative Commons Attribution 4.0 International,CC BY 4.0,https://creativecommons.org/licenses/by/4.0/,https://www.peppercarrot.com/en/philosophy/index.html,https://www.peppercarrot.com/en/about/index.html,Downloaded original Pepper&Carrot art-pack zip archives and organized them as a dataset. No original authorship is claimed. No endorsement is implied.,"{""Art"": {""raw"": ""David Revoy"", ""people"": [""David Revoy""]}, ""Scenario"": {""raw"": ""David Revoy"", ""people"": [""David Revoy""]}, ""Proofreading"": {""raw"": ""Alex Gryson, Amireeti, Willem Sonke, Luke Bertot, Rémi Rampin"", ""people"": [""Alex Gryson"", ""Amireeti"", ""Willem Sonke"", ""Luke Bertot"", ""Rémi Rampin""]}}","[""English (original version)""]","Art: David Revoy. Scenario: David Revoy Proofreading: Alex Gryson, Amireeti, Willem Sonke, Luke Bertot, Rémi Rampin",2026-06-26,"Pepper&Carrot, Episode 04: Stroke of Genius | Source: https://www.peppercarrot.com/0_sources/ep04_Stroke-of-genius/zip/ep04_Stroke-of-genius_art-pack.zip | License: Creative Commons Attribution 4.0 International (https://creativecommons.org/licenses/by/4.0/) | Art: David Revoy | Scenario: David Revoy | Proofreading: Alex Gryson, Amireeti, Willem Sonke, Luke Bertot, Rémi Rampin | Note: English (original version) | Changes: Downloaded original Pepper&Carrot art-pack zip archives and organized them as a dataset. No original authorship is claimed. No endorsement is implied. | No endorsement by the original authors or contributors is implied."
5,ep05_Special-holiday-episode,Special holiday episode,2014-12-19,peppercarrot_zips/ep05_Special-holiday-episode_art-pack.zip,https://www.peppercarrot.com/0_sources/ep05_Special-holiday-episode/zip/ep05_Special-holiday-episode_art-pack.zip,Pepper&Carrot,https://www.peppercarrot.com/,Creative Commons Attribution 4.0 International,CC BY 4.0,https://creativecommons.org/licenses/by/4.0/,https://www.peppercarrot.com/en/philosophy/index.html,https://www.peppercarrot.com/en/about/index.html,Downloaded original Pepper&Carrot art-pack zip archives and organized them as a dataset. No original authorship is claimed. No endorsement is implied.,"{""Art"": {""raw"": ""David Revoy"", ""people"": [""David Revoy""]}, ""Scenario"": {""raw"": ""David Revoy"", ""people"": [""David Revoy""]}, ""Proofreading"": {""raw"": ""Alex Gryson, Amireeti, Jihoon Kim"", ""people"": [""Alex Gryson"", ""Amireeti"", ""Jihoon Kim""]}}","[""English (original version)""]","Art: David Revoy. Scenario: David Revoy Proofreading: Alex Gryson, Amireeti, Jihoon Kim",2026-06-26,"Pepper&Carrot, Episode 05: Special holiday episode | Source: https://www.peppercarrot.com/0_sources/ep05_Special-holiday-episode/zip/ep05_Special-holiday-episode_art-pack.zip | License: Creative Commons Attribution 4.0 International (https://creativecommons.org/licenses/by/4.0/) | Art: David Revoy | Scenario: David Revoy | Proofreading: Alex Gryson, Amireeti, Jihoon Kim | Note: English (original version) | Changes: Downloaded original Pepper&Carrot art-pack zip archives and organized them as a dataset. No original authorship is claimed. No endorsement is implied. | No endorsement by the original authors or contributors is implied."
6,ep06_The-Potion-Contest,The Potion Contest,2015-03-28,peppercarrot_zips/ep06_The-Potion-Contest_art-pack.zip,https://www.peppercarrot.com/0_sources/ep06_The-Potion-Contest/zip/ep06_The-Potion-Contest_art-pack.zip,Pepper&Carrot,https://www.peppercarrot.com/,Creative Commons Attribution 4.0 International,CC BY 4.0,https://creativecommons.org/licenses/by/4.0/,https://www.peppercarrot.com/en/philosophy/index.html,https://www.peppercarrot.com/en/about/index.html,Downloaded original Pepper&Carrot art-pack zip archives and organized them as a dataset. No original authorship is claimed. No endorsement is implied.,"{""Art"": {""raw"": ""David Revoy"", ""people"": [""David Revoy""]}, ""Scenario"": {""raw"": ""David Revoy"", ""people"": [""David Revoy""]}, ""Translation"": {""raw"": ""[English] Alex Gryson"", ""people"": [""Alex Gryson""]}}",[],Art: David Revoy. Scenario: David Revoy. Translation: [English] Alex Gryson,2026-06-26,"Pepper&Carrot, Episode 06: The Potion Contest | Source: https://www.peppercarrot.com/0_sources/ep06_The-Potion-Contest/zip/ep06_The-Potion-Contest_art-pack.zip | License: Creative Commons Attribution 4.0 International (https://creativecommons.org/licenses/by/4.0/) | Art: David Revoy | Scenario: David Revoy | Translation: [English] Alex Gryson | Changes: Downloaded original Pepper&Carrot art-pack zip archives and organized them as a dataset. No original authorship is claimed. No endorsement is implied. | No endorsement by the original authors or contributors is implied."
7,ep07_The-Wish,The Wish,2015-04-30,peppercarrot_zips/ep07_The-Wish_art-pack.zip,https://www.peppercarrot.com/0_sources/ep07_The-Wish/zip/ep07_The-Wish_art-pack.zip,Pepper&Carrot,https://www.peppercarrot.com/,Creative Commons Attribution 4.0 International,CC BY 4.0,https://creativecommons.org/licenses/by/4.0/,https://www.peppercarrot.com/en/philosophy/index.html,https://www.peppercarrot.com/en/about/index.html,Downloaded original Pepper&Carrot art-pack zip archives and organized them as a dataset. No original authorship is claimed. No endorsement is implied.,"{""Art"": {""raw"": ""David Revoy"", ""people"": [""David Revoy""]}, ""Scenario"": {""raw"": ""David Revoy"", ""people"": [""David Revoy""]}, ""Translation"": {""raw"": ""[English] Alex Gryson"", ""people"": [""Alex Gryson""]}, ""Proofreading"": {""raw"": ""GunChleoc"", ""people"": [""GunChleoc""]}}",[],Art: David Revoy. Scenario: David Revoy. Translation: [English] Alex Gryson. Proofreading: GunChleoc,2026-06-26,"Pepper&Carrot, Episode 07: The Wish | Source: https://www.peppercarrot.com/0_sources/ep07_The-Wish/zip/ep07_The-Wish_art-pack.zip | License: Creative Commons Attribution 4.0 International (https://creativecommons.org/licenses/by/4.0/) | Art: David Revoy | Scenario: David Revoy | Translation: [English] Alex Gryson | Proofreading: GunChleoc | Changes: Downloaded original Pepper&Carrot art-pack zip archives and organized them as a dataset. No original authorship is claimed. No endorsement is implied. | No endorsement by the original authors or contributors is implied."
8,ep08_Pepper-s-Birthday-Party,Pepper's Birthday Party,2015-06-28,peppercarrot_zips/ep08_Pepper-s-Birthday-Party_art-pack.zip,https://www.peppercarrot.com/0_sources/ep08_Pepper-s-Birthday-Party/zip/ep08_Pepper-s-Birthday-Party_art-pack.zip,Pepper&Carrot,https://www.peppercarrot.com/,Creative Commons Attribution 4.0 International,CC BY 4.0,https://creativecommons.org/licenses/by/4.0/,https://www.peppercarrot.com/en/philosophy/index.html,https://www.peppercarrot.com/en/about/index.html,Downloaded original Pepper&Carrot art-pack zip archives and organized them as a dataset. No original authorship is claimed. No endorsement is implied.,"{""Art"": {""raw"": ""David Revoy"", ""people"": [""David Revoy""]}, ""Scenario"": {""raw"": ""David Revoy"", ""people"": [""David Revoy""]}, ""Translation"": {""raw"": ""[English] Alex Gryson"", ""people"": [""Alex Gryson""]}}",[],Art: David Revoy. Scenario: David Revoy. Translation: [English] Alex Gryson,2026-06-26,"Pepper&Carrot, Episode 08: Pepper's Birthday Party | Source: https://www.peppercarrot.com/0_sources/ep08_Pepper-s-Birthday-Party/zip/ep08_Pepper-s-Birthday-Party_art-pack.zip | License: Creative Commons Attribution 4.0 International (https://creativecommons.org/licenses/by/4.0/) | Art: David Revoy | Scenario: David Revoy | Translation: [English] Alex Gryson | Changes: Downloaded original Pepper&Carrot art-pack zip archives and organized them as a dataset. No original authorship is claimed. No endorsement is implied. | No endorsement by the original authors or contributors is implied."
9,ep09_The-Remedy,The Remedy,2015-07-31,peppercarrot_zips/ep09_The-Remedy_art-pack.zip,https://www.peppercarrot.com/0_sources/ep09_The-Remedy/zip/ep09_The-Remedy_art-pack.zip,Pepper&Carrot,https://www.peppercarrot.com/,Creative Commons Attribution 4.0 International,CC BY 4.0,https://creativecommons.org/licenses/by/4.0/,https://www.peppercarrot.com/en/philosophy/index.html,https://www.peppercarrot.com/en/about/index.html,Downloaded original Pepper&Carrot art-pack zip archives and organized them as a dataset. No original authorship is claimed. No endorsement is implied.,"{""Art"": {""raw"": ""David Revoy"", ""people"": [""David Revoy""]}, ""Scenario"": {""raw"": ""David Revoy"", ""people"": [""David Revoy""]}, ""Translation"": {""raw"": ""[English] Alex Gryson"", ""people"": [""Alex Gryson""]}}",[],Art: David Revoy. Scenario: David Revoy. Translation: [English] Alex Gryson,2026-06-26,"Pepper&Carrot, Episode 09: The Remedy | Source: https://www.peppercarrot.com/0_sources/ep09_The-Remedy/zip/ep09_The-Remedy_art-pack.zip | License: Creative Commons Attribution 4.0 International (https://creativecommons.org/licenses/by/4.0/) | Art: David Revoy | Scenario: David Revoy | Translation: [English] Alex Gryson | Changes: Downloaded original Pepper&Carrot art-pack zip archives and organized them as a dataset. No original authorship is claimed. No endorsement is implied. | No endorsement by the original authors or contributors is implied."
10,ep10_Summer-Special,Summer Special,2015-08-29,peppercarrot_zips/ep10_Summer-Special_art-pack.zip,https://www.peppercarrot.com/0_sources/ep10_Summer-Special/zip/ep10_Summer-Special_art-pack.zip,Pepper&Carrot,https://www.peppercarrot.com/,Creative Commons Attribution 4.0 International,CC BY 4.0,https://creativecommons.org/licenses/by/4.0/,https://www.peppercarrot.com/en/philosophy/index.html,https://www.peppercarrot.com/en/about/index.html,Downloaded original Pepper&Carrot art-pack zip archives and organized them as a dataset. No original authorship is claimed. No endorsement is implied.,"{""Art"": {""raw"": ""David Revoy"", ""people"": [""David Revoy""]}, ""Scenario"": {""raw"": ""David Revoy"", ""people"": [""David Revoy""]}, ""Translation"": {""raw"": ""[English] Alex Gryson"", ""people"": [""Alex Gryson""]}}",[],Art: David Revoy. Scenario: David Revoy. Translation: [English] Alex Gryson,2026-06-26,"Pepper&Carrot, Episode 10: Summer Special | Source: https://www.peppercarrot.com/0_sources/ep10_Summer-Special/zip/ep10_Summer-Special_art-pack.zip | License: Creative Commons Attribution 4.0 International (https://creativecommons.org/licenses/by/4.0/) | Art: David Revoy | Scenario: David Revoy | Translation: [English] Alex Gryson | Changes: Downloaded original Pepper&Carrot art-pack zip archives and organized them as a dataset. No original authorship is claimed. No endorsement is implied. | No endorsement by the original authors or contributors is implied."
11,ep11_The-Witches-of-Chaosah,The Witches of Chaosah,2015-09-30,peppercarrot_zips/ep11_The-Witches-of-Chaosah_art-pack.zip,https://www.peppercarrot.com/0_sources/ep11_The-Witches-of-Chaosah/zip/ep11_The-Witches-of-Chaosah_art-pack.zip,Pepper&Carrot,https://www.peppercarrot.com/,Creative Commons Attribution 4.0 International,CC BY 4.0,https://creativecommons.org/licenses/by/4.0/,https://www.peppercarrot.com/en/philosophy/index.html,https://www.peppercarrot.com/en/about/index.html,Downloaded original Pepper&Carrot art-pack zip archives and organized them as a dataset. No original authorship is claimed. No endorsement is implied.,"{""Art"": {""raw"": ""David Revoy"", ""people"": [""David Revoy""]}, ""Scenario"": {""raw"": ""David Revoy"", ""people"": [""David Revoy""]}, ""Translation"": {""raw"": ""[English] Alex Gryson"", ""people"": [""Alex Gryson""]}, ""Proofreading"": {""raw"": ""Luke Bertot"", ""people"": [""Luke Bertot""]}}",[],Art: David Revoy. Scenario: David Revoy. Translation: [English] Alex Gryson. Proofreading: Luke Bertot,2026-06-26,"Pepper&Carrot, Episode 11: The Witches of Chaosah | Source: https://www.peppercarrot.com/0_sources/ep11_The-Witches-of-Chaosah/zip/ep11_The-Witches-of-Chaosah_art-pack.zip | License: Creative Commons Attribution 4.0 International (https://creativecommons.org/licenses/by/4.0/) | Art: David Revoy | Scenario: David Revoy | Translation: [English] Alex Gryson | Proofreading: Luke Bertot | Changes: Downloaded original Pepper&Carrot art-pack zip archives and organized them as a dataset. No original authorship is claimed. No endorsement is implied. | No endorsement by the original authors or contributors is implied."
12,ep12_Autumn-Clearout,Autumn Clearout,2015-10-31,peppercarrot_zips/ep12_Autumn-Clearout_art-pack.zip,https://www.peppercarrot.com/0_sources/ep12_Autumn-Clearout/zip/ep12_Autumn-Clearout_art-pack.zip,Pepper&Carrot,https://www.peppercarrot.com/,Creative Commons Attribution 4.0 International,CC BY 4.0,https://creativecommons.org/licenses/by/4.0/,https://www.peppercarrot.com/en/philosophy/index.html,https://www.peppercarrot.com/en/about/index.html,Downloaded original Pepper&Carrot art-pack zip archives and organized them as a dataset. No original authorship is claimed. No endorsement is implied.,"{""Art"": {""raw"": ""David Revoy"", ""people"": [""David Revoy""]}, ""Scenario"": {""raw"": ""David Revoy"", ""people"": [""David Revoy""]}, ""Translation"": {""raw"": ""[English] Alex Gryson"", ""people"": [""Alex Gryson""]}, ""Proofreading"": {""raw"": ""GunChleoc"", ""people"": [""GunChleoc""]}}",[],Art: David Revoy. Scenario: David Revoy. Translation: [English] Alex Gryson. Proofreading: GunChleoc,2026-06-26,"Pepper&Carrot, Episode 12: Autumn Clearout | Source: https://www.peppercarrot.com/0_sources/ep12_Autumn-Clearout/zip/ep12_Autumn-Clearout_art-pack.zip | License: Creative Commons Attribution 4.0 International (https://creativecommons.org/licenses/by/4.0/) | Art: David Revoy | Scenario: David Revoy | Translation: [English] Alex Gryson | Proofreading: GunChleoc | Changes: Downloaded original Pepper&Carrot art-pack zip archives and organized them as a dataset. No original authorship is claimed. No endorsement is implied. | No endorsement by the original authors or contributors is implied."
13,ep13_The-Pyjama-Party,The Pyjama Party,2015-12-08,peppercarrot_zips/ep13_The-Pyjama-Party_art-pack.zip,https://www.peppercarrot.com/0_sources/ep13_The-Pyjama-Party/zip/ep13_The-Pyjama-Party_art-pack.zip,Pepper&Carrot,https://www.peppercarrot.com/,Creative Commons Attribution 4.0 International,CC BY 4.0,https://creativecommons.org/licenses/by/4.0/,https://www.peppercarrot.com/en/philosophy/index.html,https://www.peppercarrot.com/en/about/index.html,Downloaded original Pepper&Carrot art-pack zip archives and organized them as a dataset. No original authorship is claimed. No endorsement is implied.,"{""Art"": {""raw"": ""David Revoy"", ""people"": [""David Revoy""]}, ""Scenario"": {""raw"": ""David Revoy"", ""people"": [""David Revoy""]}, ""Translation"": {""raw"": ""[English] Alex Gryson"", ""people"": [""Alex Gryson""]}}",[],Art: David Revoy. Scenario: David Revoy. Translation: [English] Alex Gryson,2026-06-26,"Pepper&Carrot, Episode 13: The Pyjama Party | Source: https://www.peppercarrot.com/0_sources/ep13_The-Pyjama-Party/zip/ep13_The-Pyjama-Party_art-pack.zip | License: Creative Commons Attribution 4.0 International (https://creativecommons.org/licenses/by/4.0/) | Art: David Revoy | Scenario: David Revoy | Translation: [English] Alex Gryson | Changes: Downloaded original Pepper&Carrot art-pack zip archives and organized them as a dataset. No original authorship is claimed. No endorsement is implied. | No endorsement by the original authors or contributors is implied."
14,ep14_The-Dragon-s-Tooth,The Dragon's Tooth,2016-01-29,peppercarrot_zips/ep14_The-Dragon-s-Tooth_art-pack.zip,https://www.peppercarrot.com/0_sources/ep14_The-Dragon-s-Tooth/zip/ep14_The-Dragon-s-Tooth_art-pack.zip,Pepper&Carrot,https://www.peppercarrot.com/,Creative Commons Attribution 4.0 International,CC BY 4.0,https://creativecommons.org/licenses/by/4.0/,https://www.peppercarrot.com/en/philosophy/index.html,https://www.peppercarrot.com/en/about/index.html,Downloaded original Pepper&Carrot art-pack zip archives and organized them as a dataset. No original authorship is claimed. No endorsement is implied.,"{""Art"": {""raw"": ""David Revoy"", ""people"": [""David Revoy""]}, ""Scenario"": {""raw"": ""David Revoy"", ""people"": [""David Revoy""]}, ""Translation"": {""raw"": ""[English] Alex Gryson"", ""people"": [""Alex Gryson""]}, ""Proofreading"": {""raw"": ""Rémi Rampin"", ""people"": [""Rémi Rampin""]}}",[],Art: David Revoy. Scenario: David Revoy. Translation: [English] Alex Gryson. Proofreading: Rémi Rampin,2026-06-26,"Pepper&Carrot, Episode 14: The Dragon's Tooth | Source: https://www.peppercarrot.com/0_sources/ep14_The-Dragon-s-Tooth/zip/ep14_The-Dragon-s-Tooth_art-pack.zip | License: Creative Commons Attribution 4.0 International (https://creativecommons.org/licenses/by/4.0/) | Art: David Revoy | Scenario: David Revoy | Translation: [English] Alex Gryson | Proofreading: Rémi Rampin | Changes: Downloaded original Pepper&Carrot art-pack zip archives and organized them as a dataset. No original authorship is claimed. No endorsement is implied. | No endorsement by the original authors or contributors is implied."
15,ep15_The-Crystal-Ball,The Crystal Ball,2016-03-25,peppercarrot_zips/ep15_The-Crystal-Ball_art-pack.zip,https://www.peppercarrot.com/0_sources/ep15_The-Crystal-Ball/zip/ep15_The-Crystal-Ball_art-pack.zip,Pepper&Carrot,https://www.peppercarrot.com/,Creative Commons Attribution 4.0 International,CC BY 4.0,https://creativecommons.org/licenses/by/4.0/,https://www.peppercarrot.com/en/philosophy/index.html,https://www.peppercarrot.com/en/about/index.html,Downloaded original Pepper&Carrot art-pack zip archives and organized them as a dataset. No original authorship is claimed. No endorsement is implied.,"{""Art"": {""raw"": ""David Revoy"", ""people"": [""David Revoy""]}, ""Scenario"": {""raw"": ""David Revoy"", ""people"": [""David Revoy""]}, ""Translation"": {""raw"": ""[English] David Revoy"", ""people"": [""David Revoy""]}, ""Proofreading"": {""raw"": ""Rémi Rampin"", ""people"": [""Rémi Rampin""]}}",[],Art: David Revoy. Scenario: David Revoy. Translation: [English] David Revoy. Proofreading: Rémi Rampin,2026-06-26,"Pepper&Carrot, Episode 15: The Crystal Ball | Source: https://www.peppercarrot.com/0_sources/ep15_The-Crystal-Ball/zip/ep15_The-Crystal-Ball_art-pack.zip | License: Creative Commons Attribution 4.0 International (https://creativecommons.org/licenses/by/4.0/) | Art: David Revoy | Scenario: David Revoy | Translation: [English] David Revoy | Proofreading: Rémi Rampin | Changes: Downloaded original Pepper&Carrot art-pack zip archives and organized them as a dataset. No original authorship is claimed. No endorsement is implied. | No endorsement by the original authors or contributors is implied."
16,ep16_The-Sage-of-the-Mountain,The Sage of the Mountain,2016-04-30,peppercarrot_zips/ep16_The-Sage-of-the-Mountain_art-pack.zip,https://www.peppercarrot.com/0_sources/ep16_The-Sage-of-the-Mountain/zip/ep16_The-Sage-of-the-Mountain_art-pack.zip,Pepper&Carrot,https://www.peppercarrot.com/,Creative Commons Attribution 4.0 International,CC BY 4.0,https://creativecommons.org/licenses/by/4.0/,https://www.peppercarrot.com/en/philosophy/index.html,https://www.peppercarrot.com/en/about/index.html,Downloaded original Pepper&Carrot art-pack zip archives and organized them as a dataset. No original authorship is claimed. No endorsement is implied.,"{""Art"": {""raw"": ""David Revoy"", ""people"": [""David Revoy""]}, ""Scenario"": {""raw"": ""David Revoy"", ""people"": [""David Revoy""]}, ""Translation"": {""raw"": ""[English] Alex Gryson"", ""people"": [""Alex Gryson""]}, ""Proofreading"": {""raw"": ""Irina"", ""people"": [""Irina""]}}",[],Art: David Revoy. Scenario: David Revoy. Translation: [English] Alex Gryson. Proofreading: Irina,2026-06-26,"Pepper&Carrot, Episode 16: The Sage of the Mountain | Source: https://www.peppercarrot.com/0_sources/ep16_The-Sage-of-the-Mountain/zip/ep16_The-Sage-of-the-Mountain_art-pack.zip | License: Creative Commons Attribution 4.0 International (https://creativecommons.org/licenses/by/4.0/) | Art: David Revoy | Scenario: David Revoy | Translation: [English] Alex Gryson | Proofreading: Irina | Changes: Downloaded original Pepper&Carrot art-pack zip archives and organized them as a dataset. No original authorship is claimed. No endorsement is implied. | No endorsement by the original authors or contributors is implied."
17,ep17_A-Fresh-Start,A Fresh Start,2016-06-30,peppercarrot_zips/ep17_A-Fresh-Start_art-pack.zip,https://www.peppercarrot.com/0_sources/ep17_A-Fresh-Start/zip/ep17_A-Fresh-Start_art-pack.zip,Pepper&Carrot,https://www.peppercarrot.com/,Creative Commons Attribution 4.0 International,CC BY 4.0,https://creativecommons.org/licenses/by/4.0/,https://www.peppercarrot.com/en/philosophy/index.html,https://www.peppercarrot.com/en/about/index.html,Downloaded original Pepper&Carrot art-pack zip archives and organized them as a dataset. No original authorship is claimed. No endorsement is implied.,"{""Art"": {""raw"": ""David Revoy"", ""people"": [""David Revoy""]}, ""Scenario"": {""raw"": ""David Revoy"", ""people"": [""David Revoy""]}, ""Translation"": {""raw"": ""[English] Alex Gryson"", ""people"": [""Alex Gryson""]}}",[],Art: David Revoy. Scenario: David Revoy. Translation: [English] Alex Gryson,2026-06-26,"Pepper&Carrot, Episode 17: A Fresh Start | Source: https://www.peppercarrot.com/0_sources/ep17_A-Fresh-Start/zip/ep17_A-Fresh-Start_art-pack.zip | License: Creative Commons Attribution 4.0 International (https://creativecommons.org/licenses/by/4.0/) | Art: David Revoy | Scenario: David Revoy | Translation: [English] Alex Gryson | Changes: Downloaded original Pepper&Carrot art-pack zip archives and organized them as a dataset. No original authorship is claimed. No endorsement is implied. | No endorsement by the original authors or contributors is implied."
18,ep18_The-Encounter,The Encounter,2016-08-05,peppercarrot_zips/ep18_The-Encounter_art-pack.zip,https://www.peppercarrot.com/0_sources/ep18_The-Encounter/zip/ep18_The-Encounter_art-pack.zip,Pepper&Carrot,https://www.peppercarrot.com/,Creative Commons Attribution 4.0 International,CC BY 4.0,https://creativecommons.org/licenses/by/4.0/,https://www.peppercarrot.com/en/philosophy/index.html,https://www.peppercarrot.com/en/about/index.html,Downloaded original Pepper&Carrot art-pack zip archives and organized them as a dataset. No original authorship is claimed. No endorsement is implied.,"{""Art"": {""raw"": ""David Revoy"", ""people"": [""David Revoy""]}, ""Scenario"": {""raw"": ""David Revoy"", ""people"": [""David Revoy""]}, ""Inspiration"": {""raw"": ""Two scenarios by Craig Maloney \""You found me, I choose You\"" and \""Visit from Hippiah\"""", ""people"": [""Two scenarios by Craig Maloney \""You found me"", ""I choose You\"""", ""\""Visit from Hippiah\""""]}, ""Translation"": {""raw"": ""[English] Alex Gryson"", ""people"": [""Alex Gryson""]}}",[],"Art: David Revoy. Scenario: David Revoy. Inspiration: Two scenarios by Craig Maloney ""You found me, I choose You"" and ""Visit from Hippiah"". Translation: [English] Alex Gryson",2026-06-26,"Pepper&Carrot, Episode 18: The Encounter | Source: https://www.peppercarrot.com/0_sources/ep18_The-Encounter/zip/ep18_The-Encounter_art-pack.zip | License: Creative Commons Attribution 4.0 International (https://creativecommons.org/licenses/by/4.0/) | Art: David Revoy | Scenario: David Revoy | Inspiration: Two scenarios by Craig Maloney ""You found me, I choose You"" and ""Visit from Hippiah"" | Translation: [English] Alex Gryson | Changes: Downloaded original Pepper&Carrot art-pack zip archives and organized them as a dataset. No original authorship is claimed. No endorsement is implied. | No endorsement by the original authors or contributors is implied."
19,ep19_Pollution,Pollution,2016-10-26,peppercarrot_zips/ep19_Pollution_art-pack.zip,https://www.peppercarrot.com/0_sources/ep19_Pollution/zip/ep19_Pollution_art-pack.zip,Pepper&Carrot,https://www.peppercarrot.com/,Creative Commons Attribution 4.0 International,CC BY 4.0,https://creativecommons.org/licenses/by/4.0/,https://www.peppercarrot.com/en/philosophy/index.html,https://www.peppercarrot.com/en/about/index.html,Downloaded original Pepper&Carrot art-pack zip archives and organized them as a dataset. No original authorship is claimed. No endorsement is implied.,"{""Art"": {""raw"": ""David Revoy"", ""people"": [""David Revoy""]}, ""Scenario"": {""raw"": ""David Revoy"", ""people"": [""David Revoy""]}, ""Script-doctor"": {""raw"": ""Craig Maloney"", ""people"": [""Craig Maloney""]}, ""Inspiration"": {""raw"": ""Scenario of Juan José Segura \""the book of secrets\"""", ""people"": [""Scenario of Juan José Segura \""the book of secrets\""""]}, ""Beta-readers"": {""raw"": ""Alex Gryson, Nicolas Artance, Seblediacre, Valvin"", ""people"": [""Alex Gryson"", ""Nicolas Artance"", ""Seblediacre"", ""Valvin""]}, ""Translation"": {""raw"": ""[English] Alex Gryson"", ""people"": [""Alex Gryson""]}, ""Proofreading"": {""raw"": ""GunChleoc"", ""people"": [""GunChleoc""]}}",[],"Art: David Revoy. Scenario: David Revoy. Script-doctor: Craig Maloney. Inspiration: Scenario of Juan José Segura ""the book of secrets"". Beta-readers: Alex Gryson, Nicolas Artance, Seblediacre, Valvin. Translation: [English] Alex Gryson. Proofreading: GunChleoc",2026-06-26,"Pepper&Carrot, Episode 19: Pollution | Source: https://www.peppercarrot.com/0_sources/ep19_Pollution/zip/ep19_Pollution_art-pack.zip | License: Creative Commons Attribution 4.0 International (https://creativecommons.org/licenses/by/4.0/) | Art: David Revoy | Scenario: David Revoy | Script-doctor: Craig Maloney | Inspiration: Scenario of Juan José Segura ""the book of secrets"" | Beta-readers: Alex Gryson, Nicolas Artance, Seblediacre, Valvin | Translation: [English] Alex Gryson | Proofreading: GunChleoc | Changes: Downloaded original Pepper&Carrot art-pack zip archives and organized them as a dataset. No original authorship is claimed. No endorsement is implied. | No endorsement by the original authors or contributors is implied."
20,ep20_The-Picnic,The Picnic,2016-12-17,peppercarrot_zips/ep20_The-Picnic_art-pack.zip,https://www.peppercarrot.com/0_sources/ep20_The-Picnic/zip/ep20_The-Picnic_art-pack.zip,Pepper&Carrot,https://www.peppercarrot.com/,Creative Commons Attribution 4.0 International,CC BY 4.0,https://creativecommons.org/licenses/by/4.0/,https://www.peppercarrot.com/en/philosophy/index.html,https://www.peppercarrot.com/en/about/index.html,Downloaded original Pepper&Carrot art-pack zip archives and organized them as a dataset. No original authorship is claimed. No endorsement is implied.,"{""Art"": {""raw"": ""David Revoy"", ""people"": [""David Revoy""]}, ""Scenario"": {""raw"": ""David Revoy"", ""people"": [""David Revoy""]}, ""Translation"": {""raw"": ""[English] David Revoy"", ""people"": [""David Revoy""]}, ""Proofreading"": {""raw"": ""Alex Gryson"", ""people"": [""Alex Gryson""]}}",[],Art: David Revoy. Scenario: David Revoy. Translation: [English] David Revoy. Proofreading: Alex Gryson,2026-06-26,"Pepper&Carrot, Episode 20: The Picnic | Source: https://www.peppercarrot.com/0_sources/ep20_The-Picnic/zip/ep20_The-Picnic_art-pack.zip | License: Creative Commons Attribution 4.0 International (https://creativecommons.org/licenses/by/4.0/) | Art: David Revoy | Scenario: David Revoy | Translation: [English] David Revoy | Proofreading: Alex Gryson | Changes: Downloaded original Pepper&Carrot art-pack zip archives and organized them as a dataset. No original authorship is claimed. No endorsement is implied. | No endorsement by the original authors or contributors is implied."
21,ep21_The-Magic-Contest,The Magic Contest,2017-02-23,peppercarrot_zips/ep21_The-Magic-Contest_art-pack.zip,https://www.peppercarrot.com/0_sources/ep21_The-Magic-Contest/zip/ep21_The-Magic-Contest_art-pack.zip,Pepper&Carrot,https://www.peppercarrot.com/,Creative Commons Attribution 4.0 International,CC BY 4.0,https://creativecommons.org/licenses/by/4.0/,https://www.peppercarrot.com/en/philosophy/index.html,https://www.peppercarrot.com/en/about/index.html,Downloaded original Pepper&Carrot art-pack zip archives and organized them as a dataset. No original authorship is claimed. No endorsement is implied.,"{""Art"": {""raw"": ""David Revoy"", ""people"": [""David Revoy""]}, ""Scenario"": {""raw"": ""David Revoy"", ""people"": [""David Revoy""]}, ""Beta-readers"": {""raw"": ""Craig Maloney, Jookia, Nicolas Artance, R J Quiralta, talime, Valvin"", ""people"": [""Craig Maloney"", ""Jookia"", ""Nicolas Artance"", ""R J Quiralta"", ""talime"", ""Valvin""]}, ""Translation"": {""raw"": ""[English] Alex Gryson"", ""people"": [""Alex Gryson""]}, ""Proofreading"": {""raw"": ""Craig Maloney, sn0wmonster"", ""people"": [""Craig Maloney"", ""sn0wmonster""]}}",[],"Art: David Revoy. Scenario: David Revoy. Beta-readers: Craig Maloney, Jookia, Nicolas Artance, R J Quiralta, talime, Valvin. Translation: [English] Alex Gryson. Proofreading: Craig Maloney, sn0wmonster",2026-06-26,"Pepper&Carrot, Episode 21: The Magic Contest | Source: https://www.peppercarrot.com/0_sources/ep21_The-Magic-Contest/zip/ep21_The-Magic-Contest_art-pack.zip | License: Creative Commons Attribution 4.0 International (https://creativecommons.org/licenses/by/4.0/) | Art: David Revoy | Scenario: David Revoy | Beta-readers: Craig Maloney, Jookia, Nicolas Artance, R J Quiralta, talime, Valvin | Translation: [English] Alex Gryson | Proofreading: Craig Maloney, sn0wmonster | Changes: Downloaded original Pepper&Carrot art-pack zip archives and organized them as a dataset. No original authorship is claimed. No endorsement is implied. | No endorsement by the original authors or contributors is implied."
22,ep22_The-Voting-System,The Voting System,2017-05-30,peppercarrot_zips/ep22_The-Voting-System_art-pack.zip,https://www.peppercarrot.com/0_sources/ep22_The-Voting-System/zip/ep22_The-Voting-System_art-pack.zip,Pepper&Carrot,https://www.peppercarrot.com/,Creative Commons Attribution 4.0 International,CC BY 4.0,https://creativecommons.org/licenses/by/4.0/,https://www.peppercarrot.com/en/philosophy/index.html,https://www.peppercarrot.com/en/about/index.html,Downloaded original Pepper&Carrot art-pack zip archives and organized them as a dataset. No original authorship is claimed. No endorsement is implied.,"{""Art"": {""raw"": ""David Revoy"", ""people"": [""David Revoy""]}, ""Scenario"": {""raw"": ""David Revoy"", ""people"": [""David Revoy""]}, ""Beta-readers"": {""raw"": ""Craig Maloney, Nicolas Artance, Valvin"", ""people"": [""Craig Maloney"", ""Nicolas Artance"", ""Valvin""]}, ""Translation"": {""raw"": ""[English] Alex Gryson"", ""people"": [""Alex Gryson""]}, ""Proofreading"": {""raw"": ""Craig Maloney"", ""people"": [""Craig Maloney""]}}",[],"Art: David Revoy. Scenario: David Revoy. Beta-readers: Craig Maloney, Nicolas Artance, Valvin. Translation: [English] Alex Gryson. Proofreading: Craig Maloney",2026-06-26,"Pepper&Carrot, Episode 22: The Voting System | Source: https://www.peppercarrot.com/0_sources/ep22_The-Voting-System/zip/ep22_The-Voting-System_art-pack.zip | License: Creative Commons Attribution 4.0 International (https://creativecommons.org/licenses/by/4.0/) | Art: David Revoy | Scenario: David Revoy | Beta-readers: Craig Maloney, Nicolas Artance, Valvin | Translation: [English] Alex Gryson | Proofreading: Craig Maloney | Changes: Downloaded original Pepper&Carrot art-pack zip archives and organized them as a dataset. No original authorship is claimed. No endorsement is implied. | No endorsement by the original authors or contributors is implied."
23,ep23_Take-a-Chance,Take a Chance,2017-08-10,peppercarrot_zips/ep23_Take-a-Chance_art-pack.zip,https://www.peppercarrot.com/0_sources/ep23_Take-a-Chance/zip/ep23_Take-a-Chance_art-pack.zip,Pepper&Carrot,https://www.peppercarrot.com/,Creative Commons Attribution 4.0 International,CC BY 4.0,https://creativecommons.org/licenses/by/4.0/,https://www.peppercarrot.com/en/philosophy/index.html,https://www.peppercarrot.com/en/about/index.html,Downloaded original Pepper&Carrot art-pack zip archives and organized them as a dataset. No original authorship is claimed. No endorsement is implied.,"{""Art"": {""raw"": ""David Revoy"", ""people"": [""David Revoy""]}, ""Scenario"": {""raw"": ""David Revoy"", ""people"": [""David Revoy""]}, ""Beta-readers"": {""raw"": ""Alex Gryson, CalimeroTeknik, Craig Maloney, Nicolas Artance, Valvin"", ""people"": [""Alex Gryson"", ""CalimeroTeknik"", ""Craig Maloney"", ""Nicolas Artance"", ""Valvin""]}, ""Translation"": {""raw"": ""[English] Alex Gryson"", ""people"": [""Alex Gryson""]}, ""Proofreading"": {""raw"": ""Craig Maloney, CalimeroTeknik"", ""people"": [""Craig Maloney"", ""CalimeroTeknik""]}}",[],"Art: David Revoy. Scenario: David Revoy. Beta-readers: Alex Gryson, CalimeroTeknik, Craig Maloney, Nicolas Artance, Valvin. Translation: [English] Alex Gryson. Proofreading: Craig Maloney, CalimeroTeknik",2026-06-26,"Pepper&Carrot, Episode 23: Take a Chance | Source: https://www.peppercarrot.com/0_sources/ep23_Take-a-Chance/zip/ep23_Take-a-Chance_art-pack.zip | License: Creative Commons Attribution 4.0 International (https://creativecommons.org/licenses/by/4.0/) | Art: David Revoy | Scenario: David Revoy | Beta-readers: Alex Gryson, CalimeroTeknik, Craig Maloney, Nicolas Artance, Valvin | Translation: [English] Alex Gryson | Proofreading: Craig Maloney, CalimeroTeknik | Changes: Downloaded original Pepper&Carrot art-pack zip archives and organized them as a dataset. No original authorship is claimed. No endorsement is implied. | No endorsement by the original authors or contributors is implied."
24,ep24_The-Unity-Tree,The Unity Tree,2017-12-15,peppercarrot_zips/ep24_The-Unity-Tree_art-pack.zip,https://www.peppercarrot.com/0_sources/ep24_The-Unity-Tree/zip/ep24_The-Unity-Tree_art-pack.zip,Pepper&Carrot,https://www.peppercarrot.com/,Creative Commons Attribution 4.0 International,CC BY 4.0,https://creativecommons.org/licenses/by/4.0/,https://www.peppercarrot.com/en/philosophy/index.html,https://www.peppercarrot.com/en/about/index.html,Downloaded original Pepper&Carrot art-pack zip archives and organized them as a dataset. No original authorship is claimed. No endorsement is implied.,"{""Art"": {""raw"": ""David Revoy"", ""people"": [""David Revoy""]}, ""Scenario"": {""raw"": ""David Revoy"", ""people"": [""David Revoy""]}, ""Beta-readers"": {""raw"": ""Alex Gryson, CalimeroTeknik, Craig Maloney, Jihoon Kim, Jookia, Nicolas Artance, Nikitin Stanislav, Valvin, xHire"", ""people"": [""Alex Gryson"", ""CalimeroTeknik"", ""Craig Maloney"", ""Jihoon Kim"", ""Jookia"", ""Nicolas Artance"", ""Nikitin Stanislav"", ""Valvin"", ""xHire""]}, ""Proofreading"": {""raw"": ""Midgard, Craig Maloney, Jookia, CalimeroTeknik"", ""people"": [""Midgard"", ""Craig Maloney"", ""Jookia"", ""CalimeroTeknik""]}}","[""English (original version)""]","Art: David Revoy. Scenario: David Revoy. Beta-readers: Alex Gryson, CalimeroTeknik, Craig Maloney, Jihoon Kim, Jookia, Nicolas Artance, Nikitin Stanislav, Valvin, xHire Proofreading: Midgard, Craig Maloney, Jookia, CalimeroTeknik",2026-06-26,"Pepper&Carrot, Episode 24: The Unity Tree | Source: https://www.peppercarrot.com/0_sources/ep24_The-Unity-Tree/zip/ep24_The-Unity-Tree_art-pack.zip | License: Creative Commons Attribution 4.0 International (https://creativecommons.org/licenses/by/4.0/) | Art: David Revoy | Scenario: David Revoy | Beta-readers: Alex Gryson, CalimeroTeknik, Craig Maloney, Jihoon Kim, Jookia, Nicolas Artance, Nikitin Stanislav, Valvin, xHire | Proofreading: Midgard, Craig Maloney, Jookia, CalimeroTeknik | Note: English (original version) | Changes: Downloaded original Pepper&Carrot art-pack zip archives and organized them as a dataset. No original authorship is claimed. No endorsement is implied. | No endorsement by the original authors or contributors is implied."
25,ep25_There-are-no-Shortcuts,There Are No Shortcuts,2018-05-17,peppercarrot_zips/ep25_There-are-no-Shortcuts_art-pack.zip,https://www.peppercarrot.com/0_sources/ep25_There-are-no-Shortcuts/zip/ep25_There-are-no-Shortcuts_art-pack.zip,Pepper&Carrot,https://www.peppercarrot.com/,Creative Commons Attribution 4.0 International,CC BY 4.0,https://creativecommons.org/licenses/by/4.0/,https://www.peppercarrot.com/en/philosophy/index.html,https://www.peppercarrot.com/en/about/index.html,Downloaded original Pepper&Carrot art-pack zip archives and organized them as a dataset. No original authorship is claimed. No endorsement is implied.,"{""Art"": {""raw"": ""David Revoy"", ""people"": [""David Revoy""]}, ""Scenario"": {""raw"": ""David Revoy"", ""people"": [""David Revoy""]}, ""Beta-readers"": {""raw"": ""Craig Maloney, Jihoon Kim, Midgard, Nicolas Artance, Nikitin Stanislav, Valvin, xHire"", ""people"": [""Craig Maloney"", ""Jihoon Kim"", ""Midgard"", ""Nicolas Artance"", ""Nikitin Stanislav"", ""Valvin"", ""xHire""]}, ""Translation"": {""raw"": ""[English] Alex Gryson"", ""people"": [""Alex Gryson""]}}",[],"Art: David Revoy. Scenario: David Revoy. Beta-readers: Craig Maloney, Jihoon Kim, Midgard, Nicolas Artance, Nikitin Stanislav, Valvin, xHire. Translation: [English] Alex Gryson",2026-06-26,"Pepper&Carrot, Episode 25: There Are No Shortcuts | Source: https://www.peppercarrot.com/0_sources/ep25_There-are-no-Shortcuts/zip/ep25_There-are-no-Shortcuts_art-pack.zip | License: Creative Commons Attribution 4.0 International (https://creativecommons.org/licenses/by/4.0/) | Art: David Revoy | Scenario: David Revoy | Beta-readers: Craig Maloney, Jihoon Kim, Midgard, Nicolas Artance, Nikitin Stanislav, Valvin, xHire | Translation: [English] Alex Gryson | Changes: Downloaded original Pepper&Carrot art-pack zip archives and organized them as a dataset. No original authorship is claimed. No endorsement is implied. | No endorsement by the original authors or contributors is implied."
26,ep26_Books-Are-Great,Books Are Great,2018-07-28,peppercarrot_zips/ep26_Books-Are-Great_art-pack.zip,https://www.peppercarrot.com/0_sources/ep26_Books-Are-Great/zip/ep26_Books-Are-Great_art-pack.zip,Pepper&Carrot,https://www.peppercarrot.com/,Creative Commons Attribution 4.0 International,CC BY 4.0,https://creativecommons.org/licenses/by/4.0/,https://www.peppercarrot.com/en/philosophy/index.html,https://www.peppercarrot.com/en/about/index.html,Downloaded original Pepper&Carrot art-pack zip archives and organized them as a dataset. No original authorship is claimed. No endorsement is implied.,"{""Art"": {""raw"": ""David Revoy"", ""people"": [""David Revoy""]}, ""Scenario"": {""raw"": ""David Revoy"", ""people"": [""David Revoy""]}, ""Script-doctor"": {""raw"": ""Craig Maloney"", ""people"": [""Craig Maloney""]}, ""Beta-readers"": {""raw"": ""Jihoon Kim, Jookia, Midgard, Nicolas Artance, Popolon, R J Quiralta, Valvin, xHire, Zeograd"", ""people"": [""Jihoon Kim"", ""Jookia"", ""Midgard"", ""Nicolas Artance"", ""Popolon"", ""R J Quiralta"", ""Valvin"", ""xHire"", ""Zeograd""]}, ""Proofreading"": {""raw"": ""Craig Maloney, CalimeroTeknik"", ""people"": [""Craig Maloney"", ""CalimeroTeknik""]}}","[""English (original version)""]","Art: David Revoy. Scenario: David Revoy. Script-doctor: Craig Maloney. Beta-readers: Jihoon Kim, Jookia, Midgard, Nicolas Artance, Popolon, R J Quiralta, Valvin, xHire, Zeograd Proofreading: Craig Maloney, CalimeroTeknik",2026-06-26,"Pepper&Carrot, Episode 26: Books Are Great | Source: https://www.peppercarrot.com/0_sources/ep26_Books-Are-Great/zip/ep26_Books-Are-Great_art-pack.zip | License: Creative Commons Attribution 4.0 International (https://creativecommons.org/licenses/by/4.0/) | Art: David Revoy | Scenario: David Revoy | Script-doctor: Craig Maloney | Beta-readers: Jihoon Kim, Jookia, Midgard, Nicolas Artance, Popolon, R J Quiralta, Valvin, xHire, Zeograd | Proofreading: Craig Maloney, CalimeroTeknik | Note: English (original version) | Changes: Downloaded original Pepper&Carrot art-pack zip archives and organized them as a dataset. No original authorship is claimed. No endorsement is implied. | No endorsement by the original authors or contributors is implied."
27,ep27_Coriander-s-Invention,Coriander's Invention,2018-10-31,peppercarrot_zips/ep27_Coriander-s-Invention_art-pack.zip,https://www.peppercarrot.com/0_sources/ep27_Coriander-s-Invention/zip/ep27_Coriander-s-Invention_art-pack.zip,Pepper&Carrot,https://www.peppercarrot.com/,Creative Commons Attribution 4.0 International,CC BY 4.0,https://creativecommons.org/licenses/by/4.0/,https://www.peppercarrot.com/en/philosophy/index.html,https://www.peppercarrot.com/en/about/index.html,Downloaded original Pepper&Carrot art-pack zip archives and organized them as a dataset. No original authorship is claimed. No endorsement is implied.,"{""Art"": {""raw"": ""David Revoy"", ""people"": [""David Revoy""]}, ""Scenario"": {""raw"": ""David Revoy"", ""people"": [""David Revoy""]}, ""Beta-readers"": {""raw"": ""Amyspark, Bhoren, Butterfly, CalimeroTeknik, Craig Maloney, Denis Prisukhin, Jihoon Kim, Jookia, la gleki.arxokuna, Martin Disch, Midgard, Nicolas Artance, Nikitin Stanislav, Valvin, xHire"", ""people"": [""Amyspark"", ""Bhoren"", ""Butterfly"", ""CalimeroTeknik"", ""Craig Maloney"", ""Denis Prisukhin"", ""Jihoon Kim"", ""Jookia"", ""la gleki.arxokuna"", ""Martin Disch"", ""Midgard"", ""Nicolas Artance"", ""Nikitin Stanislav"", ""Valvin"", ""xHire""]}, ""Proofreading"": {""raw"": ""CalimeroTeknik, Craig Maloney, Martin Disch, Midgard"", ""people"": [""CalimeroTeknik"", ""Craig Maloney"", ""Martin Disch"", ""Midgard""]}}","[""English (original version)""]","Art: David Revoy. Scenario: David Revoy. Beta-readers: Amyspark, Bhoren, Butterfly, CalimeroTeknik, Craig Maloney, Denis Prisukhin, Jihoon Kim, Jookia, la gleki.arxokuna, Martin Disch, Midgard, Nicolas Artance, Nikitin Stanislav, Valvin, xHire Proofreading: CalimeroTeknik, Craig Maloney, Martin Disch, Midgard",2026-06-26,"Pepper&Carrot, Episode 27: Coriander's Invention | Source: https://www.peppercarrot.com/0_sources/ep27_Coriander-s-Invention/zip/ep27_Coriander-s-Invention_art-pack.zip | License: Creative Commons Attribution 4.0 International (https://creativecommons.org/licenses/by/4.0/) | Art: David Revoy | Scenario: David Revoy | Beta-readers: Amyspark, Bhoren, Butterfly, CalimeroTeknik, Craig Maloney, Denis Prisukhin, Jihoon Kim, Jookia, la gleki.arxokuna, Martin Disch, Midgard, Nicolas Artance, Nikitin Stanislav, Valvin, xHire | Proofreading: CalimeroTeknik, Craig Maloney, Martin Disch, Midgard | Note: English (original version) | Changes: Downloaded original Pepper&Carrot art-pack zip archives and organized them as a dataset. No original authorship is claimed. No endorsement is implied. | No endorsement by the original authors or contributors is implied."
28,ep28_The-Festivities,The Festivities,2019-01-24,peppercarrot_zips/ep28_The-Festivities_art-pack.zip,https://www.peppercarrot.com/0_sources/ep28_The-Festivities/zip/ep28_The-Festivities_art-pack.zip,Pepper&Carrot,https://www.peppercarrot.com/,Creative Commons Attribution 4.0 International,CC BY 4.0,https://creativecommons.org/licenses/by/4.0/,https://www.peppercarrot.com/en/philosophy/index.html,https://www.peppercarrot.com/en/about/index.html,Downloaded original Pepper&Carrot art-pack zip archives and organized them as a dataset. No original authorship is claimed. No endorsement is implied.,"{""Art"": {""raw"": ""David Revoy"", ""people"": [""David Revoy""]}, ""Scenario"": {""raw"": ""David Revoy"", ""people"": [""David Revoy""]}, ""Beta-readers"": {""raw"": ""CalimeroTeknik, Craig Maloney, Martin Disch, Midgard, Nicolas Artance, Valvin"", ""people"": [""CalimeroTeknik"", ""Craig Maloney"", ""Martin Disch"", ""Midgard"", ""Nicolas Artance"", ""Valvin""]}, ""Proofreading"": {""raw"": ""CalimeroTeknik, Craig Maloney, Martin Disch"", ""people"": [""CalimeroTeknik"", ""Craig Maloney"", ""Martin Disch""]}}","[""English (original version)""]","Art: David Revoy. Scenario: David Revoy. Beta-readers: CalimeroTeknik, Craig Maloney, Martin Disch, Midgard, Nicolas Artance, Valvin Proofreading: CalimeroTeknik, Craig Maloney, Martin Disch",2026-06-26,"Pepper&Carrot, Episode 28: The Festivities | Source: https://www.peppercarrot.com/0_sources/ep28_The-Festivities/zip/ep28_The-Festivities_art-pack.zip | License: Creative Commons Attribution 4.0 International (https://creativecommons.org/licenses/by/4.0/) | Art: David Revoy | Scenario: David Revoy | Beta-readers: CalimeroTeknik, Craig Maloney, Martin Disch, Midgard, Nicolas Artance, Valvin | Proofreading: CalimeroTeknik, Craig Maloney, Martin Disch | Note: English (original version) | Changes: Downloaded original Pepper&Carrot art-pack zip archives and organized them as a dataset. No original authorship is claimed. No endorsement is implied. | No endorsement by the original authors or contributors is implied."
29,ep29_Destroyer-of-Worlds,Destroyer of Worlds,2019-04-25,peppercarrot_zips/ep29_Destroyer-of-Worlds_art-pack.zip,https://www.peppercarrot.com/0_sources/ep29_Destroyer-of-Worlds/zip/ep29_Destroyer-of-Worlds_art-pack.zip,Pepper&Carrot,https://www.peppercarrot.com/,Creative Commons Attribution 4.0 International,CC BY 4.0,https://creativecommons.org/licenses/by/4.0/,https://www.peppercarrot.com/en/philosophy/index.html,https://www.peppercarrot.com/en/about/index.html,Downloaded original Pepper&Carrot art-pack zip archives and organized them as a dataset. No original authorship is claimed. No endorsement is implied.,"{""Art"": {""raw"": ""David Revoy"", ""people"": [""David Revoy""]}, ""Scenario"": {""raw"": ""David Revoy"", ""people"": [""David Revoy""]}, ""Beta-readers"": {""raw"": ""CalimeroTeknik, Craig Maloney, Martin Disch, Nicolas Artance, Valvin"", ""people"": [""CalimeroTeknik"", ""Craig Maloney"", ""Martin Disch"", ""Nicolas Artance"", ""Valvin""]}, ""Translation"": {""raw"": ""[English] CalimeroTeknik, Craig Maloney, Martin Disch, Midgard"", ""people"": [""CalimeroTeknik"", ""Craig Maloney"", ""Martin Disch"", ""Midgard""]}}",[],"Art: David Revoy. Scenario: David Revoy. Beta-readers: CalimeroTeknik, Craig Maloney, Martin Disch, Nicolas Artance, Valvin. Translation: [English] CalimeroTeknik, Craig Maloney, Martin Disch, Midgard",2026-06-26,"Pepper&Carrot, Episode 29: Destroyer of Worlds | Source: https://www.peppercarrot.com/0_sources/ep29_Destroyer-of-Worlds/zip/ep29_Destroyer-of-Worlds_art-pack.zip | License: Creative Commons Attribution 4.0 International (https://creativecommons.org/licenses/by/4.0/) | Art: David Revoy | Scenario: David Revoy | Beta-readers: CalimeroTeknik, Craig Maloney, Martin Disch, Nicolas Artance, Valvin | Translation: [English] CalimeroTeknik, Craig Maloney, Martin Disch, Midgard | Changes: Downloaded original Pepper&Carrot art-pack zip archives and organized them as a dataset. No original authorship is claimed. No endorsement is implied. | No endorsement by the original authors or contributors is implied."
30,ep30_Need-a-Hug,Need a Hug,2019-09-03,peppercarrot_zips/ep30_Need-a-Hug_art-pack.zip,https://www.peppercarrot.com/0_sources/ep30_Need-a-Hug/zip/ep30_Need-a-Hug_art-pack.zip,Pepper&Carrot,https://www.peppercarrot.com/,Creative Commons Attribution 4.0 International,CC BY 4.0,https://creativecommons.org/licenses/by/4.0/,https://www.peppercarrot.com/en/philosophy/index.html,https://www.peppercarrot.com/en/about/index.html,Downloaded original Pepper&Carrot art-pack zip archives and organized them as a dataset. No original authorship is claimed. No endorsement is implied.,"{""Art"": {""raw"": ""David Revoy"", ""people"": [""David Revoy""]}, ""Scenario"": {""raw"": ""David Revoy"", ""people"": [""David Revoy""]}, ""Beta-readers"": {""raw"": ""Alina the Hedgehog, Craig Maloney, Jihoon Kim, Martin Disch, Nicolas Artance, Parnikkapore, Valvin"", ""people"": [""Alina the Hedgehog"", ""Craig Maloney"", ""Jihoon Kim"", ""Martin Disch"", ""Nicolas Artance"", ""Parnikkapore"", ""Valvin""]}}","[""English (original version)""]","Art: David Revoy. Scenario: David Revoy. Beta-readers: Alina the Hedgehog, Craig Maloney, Jihoon Kim, Martin Disch, Nicolas Artance, Parnikkapore, Valvin",2026-06-26,"Pepper&Carrot, Episode 30: Need a Hug | Source: https://www.peppercarrot.com/0_sources/ep30_Need-a-Hug/zip/ep30_Need-a-Hug_art-pack.zip | License: Creative Commons Attribution 4.0 International (https://creativecommons.org/licenses/by/4.0/) | Art: David Revoy | Scenario: David Revoy | Beta-readers: Alina the Hedgehog, Craig Maloney, Jihoon Kim, Martin Disch, Nicolas Artance, Parnikkapore, Valvin | Note: English (original version) | Changes: Downloaded original Pepper&Carrot art-pack zip archives and organized them as a dataset. No original authorship is claimed. No endorsement is implied. | No endorsement by the original authors or contributors is implied."
31,ep31_The-Fight,The Fight,2019-12-20,peppercarrot_zips/ep31_The-Fight_art-pack.zip,https://www.peppercarrot.com/0_sources/ep31_The-Fight/zip/ep31_The-Fight_art-pack.zip,Pepper&Carrot,https://www.peppercarrot.com/,Creative Commons Attribution 4.0 International,CC BY 4.0,https://creativecommons.org/licenses/by/4.0/,https://www.peppercarrot.com/en/philosophy/index.html,https://www.peppercarrot.com/en/about/index.html,Downloaded original Pepper&Carrot art-pack zip archives and organized them as a dataset. No original authorship is claimed. No endorsement is implied.,"{""Art"": {""raw"": ""David Revoy"", ""people"": [""David Revoy""]}, ""Scenario"": {""raw"": ""David Revoy"", ""people"": [""David Revoy""]}, ""Beta-readers"": {""raw"": ""Arlo James Barnes, Craig Maloney, Martin Disch, Nicolas Artance, Valvin"", ""people"": [""Arlo James Barnes"", ""Craig Maloney"", ""Martin Disch"", ""Nicolas Artance"", ""Valvin""]}, ""Translation"": {""raw"": ""[English] Craig Maloney, Martin Disch"", ""people"": [""Craig Maloney"", ""Martin Disch""]}, ""Contribution"": {""raw"": ""GunChleoc"", ""people"": [""GunChleoc""]}}",[],"Art: David Revoy. Scenario: David Revoy. Beta-readers: Arlo James Barnes, Craig Maloney, Martin Disch, Nicolas Artance, Valvin. Translation: [English] Craig Maloney, Martin Disch. Contribution: GunChleoc",2026-06-26,"Pepper&Carrot, Episode 31: The Fight | Source: https://www.peppercarrot.com/0_sources/ep31_The-Fight/zip/ep31_The-Fight_art-pack.zip | License: Creative Commons Attribution 4.0 International (https://creativecommons.org/licenses/by/4.0/) | Art: David Revoy | Scenario: David Revoy | Beta-readers: Arlo James Barnes, Craig Maloney, Martin Disch, Nicolas Artance, Valvin | Translation: [English] Craig Maloney, Martin Disch | Contribution: GunChleoc | Changes: Downloaded original Pepper&Carrot art-pack zip archives and organized them as a dataset. No original authorship is claimed. No endorsement is implied. | No endorsement by the original authors or contributors is implied."
32,ep32_The-Battlefield,The Battlefield,2020-03-31,peppercarrot_zips/ep32_The-Battlefield_art-pack.zip,https://www.peppercarrot.com/0_sources/ep32_The-Battlefield/zip/ep32_The-Battlefield_art-pack.zip,Pepper&Carrot,https://www.peppercarrot.com/,Creative Commons Attribution 4.0 International,CC BY 4.0,https://creativecommons.org/licenses/by/4.0/,https://www.peppercarrot.com/en/philosophy/index.html,https://www.peppercarrot.com/en/about/index.html,Downloaded original Pepper&Carrot art-pack zip archives and organized them as a dataset. No original authorship is claimed. No endorsement is implied.,"{""Art"": {""raw"": ""David Revoy"", ""people"": [""David Revoy""]}, ""Scenario"": {""raw"": ""David Revoy"", ""people"": [""David Revoy""]}, ""Beta-readers"": {""raw"": ""Arlo James Barnes, Craig Maloney, Martin Disch, Nicolas Artance, Parnikkapore, Stephen Paul Weber, Valvin, Vejvej"", ""people"": [""Arlo James Barnes"", ""Craig Maloney"", ""Martin Disch"", ""Nicolas Artance"", ""Parnikkapore"", ""Stephen Paul Weber"", ""Valvin"", ""Vejvej""]}, ""Proofreading"": {""raw"": ""Craig Maloney, Martin Disch"", ""people"": [""Craig Maloney"", ""Martin Disch""]}}","[""English (original version)""]","Art: David Revoy. Scenario: David Revoy. Beta-readers: Arlo James Barnes, Craig Maloney, Martin Disch, Nicolas Artance, Parnikkapore, Stephen Paul Weber, Valvin, Vejvej Proofreading: Craig Maloney, Martin Disch",2026-06-26,"Pepper&Carrot, Episode 32: The Battlefield | Source: https://www.peppercarrot.com/0_sources/ep32_The-Battlefield/zip/ep32_The-Battlefield_art-pack.zip | License: Creative Commons Attribution 4.0 International (https://creativecommons.org/licenses/by/4.0/) | Art: David Revoy | Scenario: David Revoy | Beta-readers: Arlo James Barnes, Craig Maloney, Martin Disch, Nicolas Artance, Parnikkapore, Stephen Paul Weber, Valvin, Vejvej | Proofreading: Craig Maloney, Martin Disch | Note: English (original version) | Changes: Downloaded original Pepper&Carrot art-pack zip archives and organized them as a dataset. No original authorship is claimed. No endorsement is implied. | No endorsement by the original authors or contributors is implied."
34,ep34_The-Knighting-of-Shichimi,The Knighting of Shichimi,2021-03-31,peppercarrot_zips/ep34_The-Knighting-of-Shichimi_art-pack.zip,https://www.peppercarrot.com/0_sources/ep34_The-Knighting-of-Shichimi/zip/ep34_The-Knighting-of-Shichimi_art-pack.zip,Pepper&Carrot,https://www.peppercarrot.com/,Creative Commons Attribution 4.0 International,CC BY 4.0,https://creativecommons.org/licenses/by/4.0/,https://www.peppercarrot.com/en/philosophy/index.html,https://www.peppercarrot.com/en/about/index.html,Downloaded original Pepper&Carrot art-pack zip archives and organized them as a dataset. No original authorship is claimed. No endorsement is implied.,"{""Art"": {""raw"": ""David Revoy"", ""people"": [""David Revoy""]}, ""Scenario"": {""raw"": ""David Revoy"", ""people"": [""David Revoy""]}, ""Beta-readers"": {""raw"": ""Arlo James Barnes, Carotte, Craig Maloney, Efrat b, GunChleoc, Karl Ove Hufthammer, Martin Disch, Nicolas Artance, Parnikkapore, Valvin"", ""people"": [""Arlo James Barnes"", ""Carotte"", ""Craig Maloney"", ""Efrat b"", ""GunChleoc"", ""Karl Ove Hufthammer"", ""Martin Disch"", ""Nicolas Artance"", ""Parnikkapore"", ""Valvin""]}, ""Proofreading"": {""raw"": ""Arlo James Barnes, Carotte, Craig Maloney, GunChleoc, Karl Ove Hufthammer, Martin Disch"", ""people"": [""Arlo James Barnes"", ""Carotte"", ""Craig Maloney"", ""GunChleoc"", ""Karl Ove Hufthammer"", ""Martin Disch""]}}","[""English (original version)""]","Art: David Revoy. Scenario: David Revoy. Beta-readers: Arlo James Barnes, Carotte, Craig Maloney, Efrat b, GunChleoc, Karl Ove Hufthammer, Martin Disch, Nicolas Artance, Parnikkapore, Valvin Proofreading: Arlo James Barnes, Carotte, Craig Maloney, GunChleoc, Karl Ove Hufthammer, Martin Disch",2026-06-26,"Pepper&Carrot, Episode 34: The Knighting of Shichimi | Source: https://www.peppercarrot.com/0_sources/ep34_The-Knighting-of-Shichimi/zip/ep34_The-Knighting-of-Shichimi_art-pack.zip | License: Creative Commons Attribution 4.0 International (https://creativecommons.org/licenses/by/4.0/) | Art: David Revoy | Scenario: David Revoy | Beta-readers: Arlo James Barnes, Carotte, Craig Maloney, Efrat b, GunChleoc, Karl Ove Hufthammer, Martin Disch, Nicolas Artance, Parnikkapore, Valvin | Proofreading: Arlo James Barnes, Carotte, Craig Maloney, GunChleoc, Karl Ove Hufthammer, Martin Disch | Note: English (original version) | Changes: Downloaded original Pepper&Carrot art-pack zip archives and organized them as a dataset. No original authorship is claimed. No endorsement is implied. | No endorsement by the original authors or contributors is implied."
35,ep35_The-Reflection,The Reflection,2021-06-18,peppercarrot_zips/ep35_The-Reflection_art-pack.zip,https://www.peppercarrot.com/0_sources/ep35_The-Reflection/zip/ep35_The-Reflection_art-pack.zip,Pepper&Carrot,https://www.peppercarrot.com/,Creative Commons Attribution 4.0 International,CC BY 4.0,https://creativecommons.org/licenses/by/4.0/,https://www.peppercarrot.com/en/philosophy/index.html,https://www.peppercarrot.com/en/about/index.html,Downloaded original Pepper&Carrot art-pack zip archives and organized them as a dataset. No original authorship is claimed. No endorsement is implied.,"{""Art"": {""raw"": ""David Revoy"", ""people"": [""David Revoy""]}, ""Scenario"": {""raw"": ""David Revoy"", ""people"": [""David Revoy""]}, ""Beta-readers"": {""raw"": ""Arlo James Barnes, Craig Maloney, Karl Ove Hufthammer, Martin Disch, Nicolas Artance, Parnikkapore, Valvin"", ""people"": [""Arlo James Barnes"", ""Craig Maloney"", ""Karl Ove Hufthammer"", ""Martin Disch"", ""Nicolas Artance"", ""Parnikkapore"", ""Valvin""]}, ""Proofreading"": {""raw"": ""Arlo James Barnes, Craig Maloney, Karl Ove Hufthammer, Martin Disch"", ""people"": [""Arlo James Barnes"", ""Craig Maloney"", ""Karl Ove Hufthammer"", ""Martin Disch""]}}","[""English (original version)""]","Art: David Revoy. Scenario: David Revoy. Beta-readers: Arlo James Barnes, Craig Maloney, Karl Ove Hufthammer, Martin Disch, Nicolas Artance, Parnikkapore, Valvin Proofreading: Arlo James Barnes, Craig Maloney, Karl Ove Hufthammer, Martin Disch",2026-06-26,"Pepper&Carrot, Episode 35: The Reflection | Source: https://www.peppercarrot.com/0_sources/ep35_The-Reflection/zip/ep35_The-Reflection_art-pack.zip | License: Creative Commons Attribution 4.0 International (https://creativecommons.org/licenses/by/4.0/) | Art: David Revoy | Scenario: David Revoy | Beta-readers: Arlo James Barnes, Craig Maloney, Karl Ove Hufthammer, Martin Disch, Nicolas Artance, Parnikkapore, Valvin | Proofreading: Arlo James Barnes, Craig Maloney, Karl Ove Hufthammer, Martin Disch | Note: English (original version) | Changes: Downloaded original Pepper&Carrot art-pack zip archives and organized them as a dataset. No original authorship is claimed. No endorsement is implied. | No endorsement by the original authors or contributors is implied."
36,ep36_The-Surprise-Attack,The Surprise Attack,2021-12-15,peppercarrot_zips/ep36_The-Surprise-Attack_art-pack.zip,https://www.peppercarrot.com/0_sources/ep36_The-Surprise-Attack/zip/ep36_The-Surprise-Attack_art-pack.zip,Pepper&Carrot,https://www.peppercarrot.com/,Creative Commons Attribution 4.0 International,CC BY 4.0,https://creativecommons.org/licenses/by/4.0/,https://www.peppercarrot.com/en/philosophy/index.html,https://www.peppercarrot.com/en/about/index.html,Downloaded original Pepper&Carrot art-pack zip archives and organized them as a dataset. No original authorship is claimed. No endorsement is implied.,"{""Art"": {""raw"": ""David Revoy"", ""people"": [""David Revoy""]}, ""Scenario"": {""raw"": ""David Revoy"", ""people"": [""David Revoy""]}, ""Beta-readers"": {""raw"": ""Arlo James Barnes, Bobby Hiltz, Christian Aribaud, Craig Maloney, Estefania de Vasconcellos Guimaraes, GunChleoc, Karl Ove Hufthammer, Nicolas Artance, Pierre-Antoine Angelini, Valvin"", ""people"": [""Arlo James Barnes"", ""Bobby Hiltz"", ""Christian Aribaud"", ""Craig Maloney"", ""Estefania de Vasconcellos Guimaraes"", ""GunChleoc"", ""Karl Ove Hufthammer"", ""Nicolas Artance"", ""Pierre-Antoine Angelini"", ""Valvin""]}, ""Translation"": {""raw"": ""[English] Arlo James Barnes, Bobby Hiltz, Estefania de Vasconcellos Guimaraes, Frederic Mora, GunChleoc, Karl Ove Hufthammer, Pierre-Antoine Angelini, Zane Waldman"", ""people"": [""Arlo James Barnes"", ""Bobby Hiltz"", ""Estefania de Vasconcellos Guimaraes"", ""Frederic Mora"", ""GunChleoc"", ""Karl Ove Hufthammer"", ""Pierre-Antoine Angelini"", ""Zane Waldman""]}, ""Proofreading"": {""raw"": ""Craig Maloney"", ""people"": [""Craig Maloney""]}}",[],"Art: David Revoy. Scenario: David Revoy. Beta-readers: Arlo James Barnes, Bobby Hiltz, Christian Aribaud, Craig Maloney, Estefania de Vasconcellos Guimaraes, GunChleoc, Karl Ove Hufthammer, Nicolas Artance, Pierre-Antoine Angelini, Valvin. Translation: [English] Arlo James Barnes, Bobby Hiltz, Estefania de Vasconcellos Guimaraes, Frederic Mora, GunChleoc, Karl Ove Hufthammer, Pierre-Antoine Angelini, Zane Waldman. Proofreading: Craig Maloney",2026-06-26,"Pepper&Carrot, Episode 36: The Surprise Attack | Source: https://www.peppercarrot.com/0_sources/ep36_The-Surprise-Attack/zip/ep36_The-Surprise-Attack_art-pack.zip | License: Creative Commons Attribution 4.0 International (https://creativecommons.org/licenses/by/4.0/) | Art: David Revoy | Scenario: David Revoy | Beta-readers: Arlo James Barnes, Bobby Hiltz, Christian Aribaud, Craig Maloney, Estefania de Vasconcellos Guimaraes, GunChleoc, Karl Ove Hufthammer, Nicolas Artance, Pierre-Antoine Angelini, Valvin | Translation: [English] Arlo James Barnes, Bobby Hiltz, Estefania de Vasconcellos Guimaraes, Frederic Mora, GunChleoc, Karl Ove Hufthammer, Pierre-Antoine Angelini, Zane Waldman | Proofreading: Craig Maloney | Changes: Downloaded original Pepper&Carrot art-pack zip archives and organized them as a dataset. No original authorship is claimed. No endorsement is implied. | No endorsement by the original authors or contributors is implied."
37,ep37_The-Tears-of-the-Phoenix,The Tears of the Phoenix,2022-08-03,peppercarrot_zips/ep37_The-Tears-of-the-Phoenix_art-pack.zip,https://www.peppercarrot.com/0_sources/ep37_The-Tears-of-the-Phoenix/zip/ep37_The-Tears-of-the-Phoenix_art-pack.zip,Pepper&Carrot,https://www.peppercarrot.com/,Creative Commons Attribution 4.0 International,CC BY 4.0,https://creativecommons.org/licenses/by/4.0/,https://www.peppercarrot.com/en/philosophy/index.html,https://www.peppercarrot.com/en/about/index.html,Downloaded original Pepper&Carrot art-pack zip archives and organized them as a dataset. No original authorship is claimed. No endorsement is implied.,"{""Art"": {""raw"": ""David Revoy"", ""people"": [""David Revoy""]}, ""Scenario"": {""raw"": ""David Revoy"", ""people"": [""David Revoy""]}, ""Beta-readers"": {""raw"": ""Arlo James Barnes, Benjamin Loubet, Bobby Hiltz, Chloé, Craig Maloney, Estefania de Vasconcellos Guimaraes, GunChleoc, Nicolas Artance, Olivier Jolly, Rhombihexahedron, Valvin"", ""people"": [""Arlo James Barnes"", ""Benjamin Loubet"", ""Bobby Hiltz"", ""Chloé"", ""Craig Maloney"", ""Estefania de Vasconcellos Guimaraes"", ""GunChleoc"", ""Nicolas Artance"", ""Olivier Jolly"", ""Rhombihexahedron"", ""Valvin""]}, ""Translation"": {""raw"": ""[English] Arlo James Barnes, Benjamin Loubet, Bobby Hiltz, Estefania de Vasconcellos Guimaraes"", ""people"": [""Arlo James Barnes"", ""Benjamin Loubet"", ""Bobby Hiltz"", ""Estefania de Vasconcellos Guimaraes""]}, ""Proofreading"": {""raw"": ""Craig Maloney"", ""people"": [""Craig Maloney""]}}",[],"Art: David Revoy. Scenario: David Revoy. Beta-readers: Arlo James Barnes, Benjamin Loubet, Bobby Hiltz, Chloé, Craig Maloney, Estefania de Vasconcellos Guimaraes, GunChleoc, Nicolas Artance, Olivier Jolly, Rhombihexahedron, Valvin. Translation: [English] Arlo James Barnes, Benjamin Loubet, Bobby Hiltz, Estefania de Vasconcellos Guimaraes. Proofreading: Craig Maloney",2026-06-26,"Pepper&Carrot, Episode 37: The Tears of the Phoenix | Source: https://www.peppercarrot.com/0_sources/ep37_The-Tears-of-the-Phoenix/zip/ep37_The-Tears-of-the-Phoenix_art-pack.zip | License: Creative Commons Attribution 4.0 International (https://creativecommons.org/licenses/by/4.0/) | Art: David Revoy | Scenario: David Revoy | Beta-readers: Arlo James Barnes, Benjamin Loubet, Bobby Hiltz, Chloé, Craig Maloney, Estefania de Vasconcellos Guimaraes, GunChleoc, Nicolas Artance, Olivier Jolly, Rhombihexahedron, Valvin | Translation: [English] Arlo James Barnes, Benjamin Loubet, Bobby Hiltz, Estefania de Vasconcellos Guimaraes | Proofreading: Craig Maloney | Changes: Downloaded original Pepper&Carrot art-pack zip archives and organized them as a dataset. No original authorship is claimed. No endorsement is implied. | No endorsement by the original authors or contributors is implied."
38,ep38_The-Healer,The Healer,2023-04-26,peppercarrot_zips/ep38_The-Healer_art-pack.zip,https://www.peppercarrot.com/0_sources/ep38_The-Healer/zip/ep38_The-Healer_art-pack.zip,Pepper&Carrot,https://www.peppercarrot.com/,Creative Commons Attribution 4.0 International,CC BY 4.0,https://creativecommons.org/licenses/by/4.0/,https://www.peppercarrot.com/en/philosophy/index.html,https://www.peppercarrot.com/en/about/index.html,Downloaded original Pepper&Carrot art-pack zip archives and organized them as a dataset. No original authorship is claimed. No endorsement is implied.,"{""Art"": {""raw"": ""David Revoy"", ""people"": [""David Revoy""]}, ""Scenario"": {""raw"": ""David Revoy"", ""people"": [""David Revoy""]}, ""Beta-readers"": {""raw"": ""Arlo James Barnes, Bobby Hiltz, Christian Aribaud, Craig Maloney, Erik Mondrian, Estefania de Vasconcellos Guimaraes, Frédéric Mora, Nicolas Artance, Rhombihexahedron, Valvin, Vinay"", ""people"": [""Arlo James Barnes"", ""Bobby Hiltz"", ""Christian Aribaud"", ""Craig Maloney"", ""Erik Mondrian"", ""Estefania de Vasconcellos Guimaraes"", ""Frédéric Mora"", ""Nicolas Artance"", ""Rhombihexahedron"", ""Valvin"", ""Vinay""]}, ""Translation"": {""raw"": ""[English] Arlo James Barnes, Benjamin Loubet, Bobby Hiltz, CitizenK4te, Craig Maloney, Estefania de Vasconcellos Guimaraes, Frederic Mora, Jelfo, Marno van der Maas"", ""people"": [""Arlo James Barnes"", ""Benjamin Loubet"", ""Bobby Hiltz"", ""CitizenK4te"", ""Craig Maloney"", ""Estefania de Vasconcellos Guimaraes"", ""Frederic Mora"", ""Jelfo"", ""Marno van der Maas""]}, ""Proofreading"": {""raw"": ""H-Games, Menhir"", ""people"": [""H-Games"", ""Menhir""]}}",[],"Art: David Revoy. Scenario: David Revoy. Beta-readers: Arlo James Barnes, Bobby Hiltz, Christian Aribaud, Craig Maloney, Erik Mondrian, Estefania de Vasconcellos Guimaraes, Frédéric Mora, Nicolas Artance, Rhombihexahedron, Valvin, Vinay. Translation: [English] Arlo James Barnes, Benjamin Loubet, Bobby Hiltz, CitizenK4te, Craig Maloney, Estefania de Vasconcellos Guimaraes, Frederic Mora, Jelfo, Marno van der Maas. Proofreading: H-Games, Menhir",2026-06-26,"Pepper&Carrot, Episode 38: The Healer | Source: https://www.peppercarrot.com/0_sources/ep38_The-Healer/zip/ep38_The-Healer_art-pack.zip | License: Creative Commons Attribution 4.0 International (https://creativecommons.org/licenses/by/4.0/) | Art: David Revoy | Scenario: David Revoy | Beta-readers: Arlo James Barnes, Bobby Hiltz, Christian Aribaud, Craig Maloney, Erik Mondrian, Estefania de Vasconcellos Guimaraes, Frédéric Mora, Nicolas Artance, Rhombihexahedron, Valvin, Vinay | Translation: [English] Arlo James Barnes, Benjamin Loubet, Bobby Hiltz, CitizenK4te, Craig Maloney, Estefania de Vasconcellos Guimaraes, Frederic Mora, Jelfo, Marno van der Maas | Proofreading: H-Games, Menhir | Changes: Downloaded original Pepper&Carrot art-pack zip archives and organized them as a dataset. No original authorship is claimed. No endorsement is implied. | No endorsement by the original authors or contributors is implied."
